"flux_U1","step"
0.0,1.0932921171188354
9.871776580810547,1000.0
9.885369300842285,2000.0
9.89742374420166,3000.0
9.903130531311035,4000.0
9.902026176452637,5000.0
