"flux_U2","step"
0.0,0.009844765067100525
9.869384765625,1000.0
9.890168190002441,2000.0
9.896309852600098,3000.0
9.900534629821777,4000.0
9.900969505310059,5000.0
