"flux_U2","step"
1000.0,9.880534172058105
9.898728370666504,2000.0
