"flux_U1","step"
1000.0,9.875020980834961
9.908063888549805,2000.0
